packet_count,avg_packet_size,tcp_pct,udp_pct,icmp_pct,syn_rate,ack_rate,rst_rate,dst_ip_diversity,unique_ports_targeted,flow_duration,inter_arrival_time
43,250,73.41553328605072,6.6578264338670845,2.4390490040436896,0.29566481072949946,5.050195430644688,0.19777254193998434,1,1,9.668036004302564,0.07752306805029048
33,176,87.72277492275296,15.567402425944184,4.254087589180731,0.7352893414899161,12.009661498064789,0.48734992593534493,1,2,5.945765823055153,0.15892043905222547
19,65,83.8204994226977,13.726716632131119,0.43943812270071936,0.24345639122738952,9.455043146823233,0.36094381396346753,1,3,9.69239945037898,0.11530303768508315
47,193,77.41275359119496,21.04218498053468,4.0293244337057175,1.5311678194201566,17.792327325378523,0.32849192878224653,4,2,4.892480904971188,0.01099362657315342
12,283,80.49452141115691,24.558013375085416,0.2782674467848767,0.6173735239685689,15.733299728513629,0.37852963380561166,1,1,3.806345197767336,0.15458824440533783
25,117,76.40517358986145,16.120100772851693,4.211570176490908,1.80511777865588,13.836628017063422,0.4763243190193585,1,3,5.555276765562197,0.016709157438645424
43,406,85.287842771642,11.453727765551672,0.2581773893725642,1.1004990866526583,9.158984685451603,0.4539093264923201,1,2,4.955605197696191,0.15168941871893413
23,287,72.03985451000601,5.868015665963455,0.09121240714180523,1.62142456582363,18.655086530863016,0.36214265406320595,1,1,1.9509821583556952,0.04847130643139511
27,288,70.12962156934967,23.49286660447192,3.4848073118321077,1.9599697276703263,5.676510158304848,0.37458081955064154,3,3,6.767436832211856,0.19203396122268224
15,448,85.6973603737159,23.38231430557319,4.986277673841972,1.695598832967484,6.642013980186727,0.07296103701757273,1,1,2.9443436425863965,0.07990874274739605
15,466,74.85684883780105,10.059803359784823,4.483051314870104,1.7472881440218946,10.874452108105341,0.051396202246332845,3,3,6.576291594080466,0.07211700710423503
28,189,71.77352292499819,18.90822246213295,2.8799920890283,0.8751705411932049,6.8665633594528455,0.28545225092208215,4,2,6.85180983158338,0.03828872956316449
40,193,79.91959568034721,6.508690941795385,4.586978065427658,1.1482729309927455,19.346235463391373,0.00918381847027,2,1,2.368223678157833,0.06806480094314082
44,116,71.26921327598492,8.324308638185059,0.026500031988027084,0.5823882716822781,16.96983983215075,0.24117819077579578,1,3,1.5521466439960134,0.1765636447473581
28,235,92.1654287237665,9.336182131729824,4.875335814725712,0.47261488941756036,8.884739774027205,0.1051747899594343,2,1,8.026854274615959,0.199303524149177
7,281,70.69041929684262,10.889878936788598,2.4537438962939224,1.0604649703014641,13.82831343459868,0.17300828382241978,2,1,5.138203813923882,0.07997881079630118
26,223,84.47162238768897,24.916627500587413,3.6144804831088786,1.2305930614307992,19.734957726201223,0.38790236789647803,4,2,1.523474159549282,0.09523601988136308
6,261,80.96185307545217,18.938501117276296,4.104307365766763,0.7446153672027628,18.262984671972546,0.47061875211619325,2,1,9.953796854527905,0.14719347825852006
28,479,86.80065338237998,12.684036627584398,3.592286354182768,1.1819426837506506,14.01197669663297,0.03620813607317075,3,3,1.5200250489672997,0.17837719828836418
48,310,78.2038166868683,19.742014116860386,2.675183660224553,1.7861749167756555,18.55585950762906,0.26712110298822256,2,3,7.255317059726979,0.12267842349548898
34,387,73.87604041819361,23.305086833382127,2.38309742063206,1.1577710110883956,19.837773647200386,0.4412667429098,2,3,9.853110327370722,0.08438988265378757
42,266,94.54602220776327,24.174048148156924,4.192912793513123,1.4695448829899627,16.150292343404363,0.04125426722021064,2,3,3.1526209379433308,0.08839814976123851
6,247,90.97333755173409,6.157277955154148,1.0253878007472954,1.6300984379800196,5.97479614224341,0.4122570234484169,1,2,2.2802443181847654,0.1421674478343933
25,186,91.51011545779188,12.890435972162598,4.839970332521172,1.9785846857153413,11.023703546382311,0.17890067546413568,1,1,2.09246445480186,0.01061147008481295
37,464,76.2562840128966,7.135121318717688,3.5547623941837414,1.2460750641362612,17.56738602924868,0.16104735110966767,3,2,3.72947632810836,0.12772197411736974
16,318,70.97086836073558,11.713201295939264,0.9975346366915988,1.6330152830289135,8.458537937075285,0.4887331931573929,3,1,1.9094122990958202,0.0775436719838579
26,357,77.58163786683058,8.39359807791131,3.681235918492441,1.9290337052542619,17.45963776625937,0.10042954493114709,1,1,7.229452075247187,0.16089749294264602
48,343,83.42706067991638,17.936967233374475,2.6492001159055834,1.8943784785968196,6.80508143052494,0.34659697041134047,3,1,1.5606261831705641,0.02766822156639511
29,388,78.16628104490103,12.765367679797443,3.5361504782222224,0.3680555126776558,5.704180357217195,0.4107203640049332,1,2,5.584799153348108,0.1217584307201942
31,435,90.69672509468973,9.587894914098992,3.838897507214194,0.8721453857196918,10.761359172368744,0.020591747639635838,4,1,9.970271684676792,0.10138484907836351
46,161,76.78857289549354,10.31875849928478,0.4364508979483772,0.7155811161029192,5.550979061399205,0.3351927291772061,2,2,8.325732425554168,0.13204184992199322
32,261,94.13129575976924,12.206901904105365,2.530519781796735,0.2651575284056637,19.359053944749885,0.4757749871776635,2,3,6.536974944079098,0.022322182951763987
20,458,81.43162904034321,10.198997257085253,4.660071711284671,1.303157472330825,17.393085436909487,0.062109983364029675,3,3,3.756282587079505,0.12019691961134495
19,303,91.05057687529953,14.064816936576621,1.6032109607975715,1.4982187650724044,17.011545306948125,0.44811065134251915,1,1,6.6150625266247465,0.1166820717123095
48,207,74.85950084987182,5.646319022193009,2.969415487789494,1.7114433813870786,14.446668844942296,0.29738831868846805,1,2,5.743373175204865,0.11652541793907248
7,160,80.28384762641696,10.595270143378915,1.8461524075494806,0.3332760903591462,8.244860345548304,0.308302290931237,3,3,4.834750455013343,0.1246626566533264
41,264,87.48780526917984,13.224134417443725,2.2713398610954982,1.7652437441630582,12.773905500145883,0.30647208743280296,1,2,2.1763933906617954,0.13852890807300883
11,187,73.45882731044503,17.05563764046597,2.743015589690766,1.3215585708670812,13.959111086455115,0.14941794316865692,4,2,8.9794379371642,0.16294790993934627
25,250,73.31863555607424,10.419152850302599,2.744609899444886,1.437497656763168,12.875472512904022,0.46760090764972984,2,1,5.048061839391902,0.061265936824360726
13,389,94.23842167785398,7.663702504474994,1.0086523116511792,1.8301856067265774,8.90350051927291,0.47367523131551936,3,3,2.7516026063868857,0.1667593879342118
43,412,87.8648776044988,6.524007591983263,3.4228577393991664,1.287046414982177,12.72871886472089,0.3126523301069739,3,1,4.309834157895606,0.10466857963005619
22,322,71.02668791919689,23.81063654270767,0.43934055621328405,0.7381451285846866,12.367795113029398,0.39171136297080733,1,1,4.727167772760343,0.02464107303552292
8,211,79.97052253611986,13.332781154769584,0.6941238672101019,1.6677039297030536,19.945036637100863,0.306128992940579,3,3,8.447841060101869,0.021124676556356047
29,315,80.83801843951855,16.623252423616528,0.013554497071648353,0.789812503170672,18.461542220693058,0.2421992237870203,4,3,7.6025294250526185,0.07350528055225154
18,483,88.60106607497788,23.38353103671119,0.5834803207084066,0.16503341055900533,11.950711223234299,0.33041005914962535,1,2,7.923744042772058,0.15913042565117885
13,466,76.27151318366653,6.654968400706123,2.3658310052594613,1.6782435624739744,14.34406074402678,0.2765007262959792,1,3,1.099281379857825,0.144459377600774
30,409,74.60834185828425,22.533229718515855,3.030509405279193,0.7558650752744236,16.218074061383426,0.29873793131596504,1,2,4.745385983617854,0.15983684328775724
6,210,72.02182416542995,16.0317574508814,3.971447249832312,1.5702855940825466,5.522977403507373,0.39191627670943097,1,2,5.332097364717913,0.10828112072390578
24,211,80.7078618735027,8.296685222740019,0.5334962505671803,0.7892399998652962,18.4238216184176,0.24045191572449243,4,2,1.1727304914075103,0.09363780961154321
32,415,87.21249751913416,13.225102331707381,4.253637300082273,1.736029237951971,17.901902246268854,0.020377053046236382,1,3,3.3383188787053077,0.03801598007419395
11,262,71.45483988771109,20.55204567470451,3.7298726277435907,0.5170699976538216,11.86148146660561,0.08199974049474862,3,1,7.842608408099215,0.0723566231857692
48,371,92.88034319066202,14.607401637327094,2.0425914646795844,1.9516398038778529,10.867546491205697,0.2193036082447692,4,2,2.2339873515609914,0.09246367957303629
12,480,81.05880574327762,24.705721013310086,4.664690335499773,1.5815416720972586,9.094390622844724,0.36241327993702915,2,1,5.817791183073325,0.026834081639127275
39,487,75.99468397893509,12.534779398758815,4.954647382286953,0.317052059248754,12.150152424955525,0.29663932415508937,2,1,2.9368168481551375,0.05191627101513014
18,191,72.3468322520323,19.99156599952144,1.0250090502661862,1.174975577936465,5.665649952998551,0.32514709293672694,3,3,1.1090869717950396,0.12366280587211037
21,102,74.57164992768269,12.859788979577182,1.896142924819002,1.9721978932592958,17.782903000205117,0.23963946428814364,3,1,3.1708131183958734,0.1497759917054461
40,401,93.36534993349275,21.58328441413029,4.632247117948555,0.9950243601182472,5.531335526278176,0.3078710109711214,4,1,9.782863794190485,0.19968602716466044
44,423,85.95676484608376,16.38162938331495,3.607982753756386,0.44600356376100814,9.935770480548065,0.1645087189073311,2,3,8.213834006946907,0.18729153295527598
8,192,82.91740643566416,6.2702365918000265,0.24047321982043846,1.0210788975856577,18.973842324784847,0.23509129634833253,2,2,9.636189798889301,0.1320873879116864
6,330,86.42778321250417,5.736437352719827,3.9075724087570745,1.0736695461756511,16.02818981785179,0.3721395327974778,2,1,5.390686395337262,0.09003713012587368
10,497,80.89182246694727,7.677042376012664,4.1397044358874595,1.5092051940344646,9.220864408662901,0.4359163894865606,2,3,1.9876257880975317,0.13087369929456422
46,214,88.25098291404547,5.273439296539946,3.7525096238265676,1.4278071210057184,8.789736409413276,0.21682766697819444,2,1,5.931635400763237,0.15927380743524408
8,478,71.19290319229123,6.507181207049246,3.997685654597578,0.864845082834263,5.076232097270389,0.021830828853680595,1,1,5.089396011039648,0.03248387627544359
33,361,84.1509302623519,18.834287943378243,4.125663383463986,0.5142439042387643,15.435714392746252,0.08083627207340133,3,2,8.599213744656543,0.08788192904229476
22,162,73.96616119106227,15.686925500589261,0.9320249339407205,1.325602918761726,5.7317537250975965,0.01043056964576905,1,1,1.8827432270582012,0.16956243427076728
30,326,73.00411619514105,19.998214989399436,1.1784587303249987,0.9012374756512354,12.98903779101143,0.32663150961866505,2,3,5.394170233196004,0.08292826086727836
48,315,78.54699166791004,23.263315045152858,3.1687928186008865,0.3513248011381277,19.431829588880746,0.16615731267755446,4,1,2.3504379822458583,0.11865573153316544
38,207,72.29497664533605,16.70299064650944,4.53933065231258,1.8110873723491328,6.642032900816808,0.27123931785968375,4,2,3.9220833420105397,0.12167617856381766
14,409,72.353924706714,19.52241688143696,1.5809829114824732,1.4133215294583434,18.417198964521013,0.24663842339189979,2,2,7.636213696490197,0.04505048809539148
40,175,77.78533273478236,20.141624040849116,2.9415333789752833,1.3980493272464147,19.87213002717572,0.04076324477621335,2,3,5.284163164318898,0.07882473391393478
18,123,94.48776321553771,12.557010985515728,3.414910317085662,1.6629093642321804,5.922755393588526,0.2016306805619159,4,2,4.382994566311924,0.07355714486096711
35,432,74.38325674723346,9.821696646592637,2.259743006495196,1.106357189444654,18.243594037061918,0.11028056246116164,1,1,4.550286507130318,0.014977374621092311
19,65,70.42902754579376,9.100906570130498,3.56891227427663,1.6486034139646686,12.741185306654248,0.20919989433382635,1,2,5.13502091565388,0.014596435139357496
12,448,89.08411057509778,10.028848790235969,4.498337226460865,1.0463724316709109,18.5977057916687,0.10178914017112134,2,3,8.065148894533511,0.16802243829839697
18,367,90.17282442626949,10.494635940518176,3.1205077209091883,0.22763325983984917,13.56978412879361,0.42022620313846676,1,2,9.02876220046211,0.06188345389483436
27,317,78.65760802723501,9.14455298016113,2.698905309573165,0.8699713672526086,14.931680151598469,0.08709666828912682,4,2,9.598012178535354,0.10843496558537492
44,203,81.61684532349028,22.564413349583845,2.193723376941695,1.0451832985617922,13.156683619960988,0.48039027574348847,1,2,8.082130476297657,0.06675785898186688
25,100,86.24434206606908,20.139982643444576,2.8874313545306283,1.468384905101362,17.967393204610225,0.2079536830734704,2,3,3.8386620617321148,0.18872905657191472
20,223,71.20147310492584,5.937929355824398,1.7768122590919795,0.3024995872444813,16.008648784305528,0.42312264600952465,4,2,7.193212354778879,0.05926638418449701
49,72,93.72864328978466,10.373449640506147,1.9574105510075097,0.36603522345485306,12.818904682706224,0.31438240910297255,1,2,4.938428116498527,0.09163479442039767
22,296,92.16700968245118,5.443694840606033,2.65928739844087,0.6009992250057712,18.022412060773206,0.3676751493328763,3,1,3.2920355984144605,0.17581874759207436
28,162,76.52234058354284,14.963303732917858,0.33309556195408485,0.6063469474046762,8.679282983830019,0.38386194403339013,4,3,8.567844214833304,0.16996737769044365
30,210,70.38261350725962,14.524213935780283,1.1451269546239817,1.4911506990722185,7.36010989553789,0.2524224409465089,4,2,1.345837140660925,0.04535926939079269
29,367,93.33590770198708,21.627429801250024,2.7142465530670448,0.5763882550670357,7.406001579951082,0.2716502616816442,3,3,9.115857929218812,0.16250222886118498
49,271,82.52599709788149,11.155544795420989,2.157640715682213,1.3028863203791503,10.010133181178567,0.2569979339043625,3,2,5.153297181622607,0.0970555084801996
45,194,83.48443621000156,21.327714704261247,1.6640789295624214,1.0391203152627158,8.580350469515263,0.2940291890450396,4,2,6.7348132912745236,0.10176408569621749
33,467,87.09909423495353,24.359475308796462,3.6527456840465073,1.1892593185408613,18.951355257646078,0.014697222878253646,3,2,6.934185299852045,0.03536119475902932
19,215,85.39627910974785,6.768164467312932,3.4685880370166924,1.6924032300387621,6.58751140742876,0.19775758492450762,2,1,9.056059666358827,0.025314287613853684
49,117,93.59729011401893,20.83635678939266,0.8336537999669158,0.8683248529431461,15.484861070593816,0.30309435678058577,2,1,6.730027139504866,0.1483084683250154
5,183,93.60628992812919,16.799117942752723,4.393145576867191,1.564731616422114,7.838323096775088,0.29886178262793217,2,1,6.525402262840556,0.10432761894750694
29,224,91.6799733388751,14.600919340369503,2.4771181320198283,0.9018685131463059,18.224556991555254,0.3964780473028158,4,3,1.5998683650462096,0.09300163349688412
11,471,85.91008993615029,13.410715573301502,3.7073045556952273,0.7723556154663739,19.419729322773613,0.3275046694160543,3,3,5.6656721975068365,0.1486065634439554
13,179,90.02373236705999,20.69336527888619,2.8657542462869436,1.9213916368951192,11.982050131549753,0.4960666581703362,3,1,2.3515210073533748,0.15544745080831085
28,138,86.92920855957455,17.78722713948485,4.988463079619216,0.45030474929003006,18.186072203421976,0.1419272643043225,1,3,7.6369039184933705,0.040192551857177176
5,176,84.33417604179833,21.10089335038724,3.7620156001941134,0.27164022509745495,5.077177561320721,0.17957551483311573,1,2,5.60999728731407,0.12594277840075185
48,483,73.21250883084775,23.063021173532526,3.5349023062172953,1.5648732585174092,17.299203761121504,0.19192357593389814,3,2,7.12205001287518,0.035717275632760254
12,485,90.28010441840007,17.34527424194584,3.8928596952537555,0.229674440172774,8.429377422873852,0.23290640351012426,3,2,1.3750561054214585,0.1527612663455187
28,167,90.51598689359889,24.60925450184756,0.7156399277423481,1.6904500823357558,18.630519639040518,0.4179990318906047,3,1,1.7631281444122289,0.1348214796907565
15,403,85.64849175253931,17.161756990837702,1.0227229658473163,0.9306674530787626,5.016801672201642,0.11789604697960493,4,3,7.4469104925641405,0.19175677800585703
21,317,90.5106710942817,17.732886432445653,3.570320411118071,1.8394759868546366,13.342726025596354,0.38800010351771475,3,1,1.6487590239880603,0.023102023107720027
12,290,86.2871192964447,16.096312170844513,2.469907435654313,1.4709124361316208,16.349537056774018,0.2026550915428717,1,3,1.6413105498873275,0.02084039701873832
39,175,75.16710899691863,6.820041821026606,3.7731764593005828,1.2597688673151195,8.88032496046862,0.30092769183100426,4,2,1.108976277113987,0.06361554419170802
39,162,76.84902818302834,19.527940653004563,0.5145801537207251,1.9036829144097547,7.896992968809396,0.31627026661315305,3,1,9.60851258469532,0.059724079909822134
37,216,75.36472799270935,15.94892613798223,2.6824067574229735,0.853633808798903,6.26147336701977,0.18642431859446723,1,3,7.637575235131062,0.05692597182367997
9,412,79.4314770806994,14.018208948322089,1.8941078277845786,1.9127651794253029,9.896503647549395,0.2563076026029026,4,3,4.179262676518578,0.18218837029899698
46,465,70.97407830775585,23.20942556806546,2.2850010964083918,0.3565024271002931,13.397664684632442,0.2065155873238485,3,2,3.668820231588897,0.05741377797140616
43,447,85.45634710844732,10.95918903083901,3.0197893603625623,1.0191343896715843,6.737657851703865,0.03456639309330972,3,1,4.147329067712646,0.06167044796443989
45,429,78.41385537221817,15.472045520300224,2.5114417373126505,0.6128313225451703,10.650430429801983,0.21858269440841327,3,1,7.971881780630636,0.1542856698594131
32,401,86.39306588451855,18.952837429869266,2.6993031855641836,1.1257012799255675,5.136086069790874,0.048696696276776086,4,1,6.95233549963373,0.09545057006560259
11,257,79.63491552413913,20.929435513477546,2.431787409978039,0.40782636799401073,17.280191307497624,0.20251039954016076,1,2,2.6667601108072114,0.15757500582148445
13,373,87.04034172431975,14.186936158923448,2.044775885427466,1.6989063545890826,6.926730771397871,0.2964591999158909,1,1,2.5669840180067593,0.022419569937233194
12,226,78.515614236606,21.841828300374193,3.859409902991225,1.7081749136976587,9.250144223983725,0.2897074496717504,2,2,1.8855608474205758,0.10263852679794301
16,271,76.51736320589758,20.378354826307948,0.06101536159022258,1.91494899417461,5.276415781073262,0.3313106395041602,3,2,6.942724477312043,0.016386584034823702
38,232,82.40093635733515,6.324719557037318,2.9922135060261352,0.3938770676781488,11.483611758387685,0.047630753977313145,2,2,7.8793539599956235,0.02190410865651736
37,224,87.32225896729848,5.917225328092659,2.827541736614869,1.2843318467194824,17.60182254111828,0.32606162276521894,2,3,3.385417854925036,0.1822231161354381
27,131,78.70841511132994,17.416113688441826,3.580895373664761,1.0010508865307022,10.88226817167795,0.15607402834822354,1,1,1.1885046492782152,0.03645662051234308
28,352,93.41620379639268,11.948268164508285,2.9951468238866323,0.7543290908840431,7.692459851357501,0.19952297306855554,4,1,1.739545007287846,0.11115992963229125
41,461,70.97965816689116,9.182615821570284,4.133994139045392,0.7679263061550157,16.305482510757788,0.4289931269613529,4,2,9.710740313605275,0.08810816449413424
39,340,80.44865079288947,16.59299868943477,4.795373972820139,0.8843077461528293,16.832104728061164,0.004515202064775126,1,2,3.659002997296782,0.07599523198918011
48,367,94.1895137880062,11.8312642091309,1.712621285892717,1.439358544409011,7.606302129613502,0.2942063166703027,4,1,7.923008330543203,0.1809683356805818
44,467,83.69929708120219,15.745268334281402,1.1367549151499352,1.2367435107094937,16.562811628114847,0.2993569900500538,2,2,6.621972119688374,0.014146445387343005
26,447,80.58677355770297,14.20238317967144,2.1179843121024144,0.973394874246149,19.20946832384507,0.198329888171781,3,1,4.437456756876063,0.13612004037336195
31,455,84.21300709374896,16.69532211898307,1.4396480823786306,0.24427347970228197,7.495663803984085,0.11851392855416809,1,3,2.851185359759996,0.19304494250057458
39,198,84.39811438145212,13.006009778205627,3.0747513157632724,0.24775415375001844,16.56476438798203,0.11733701913077554,3,2,2.092477763434658,0.11643195485774996
5,258,88.291193882491,18.953351473938636,4.559262044214823,0.1044448421889787,15.62858006903944,0.4418548348303763,4,1,6.5351167123498,0.18799626778628745
39,464,73.19224323556163,8.60134544698597,0.6955809707153093,1.9386288375934642,12.103608326526327,0.22101218689142876,3,2,7.971704025740092,0.019928997064344516
41,191,76.25041123040262,18.93002932454158,0.5039730150794325,0.10998225526093135,5.868806908381974,0.16544468149458597,4,1,6.795138281870176,0.08957073062409066
18,96,84.51360030859774,13.233224287150563,1.280077659268311,0.29587811742611525,6.12041626636781,0.22438878691570152,4,1,5.772719199242425,0.05942998028278972
7,239,91.67791518024305,22.486352097088343,3.630477930312004,0.6977334579378807,17.786219887979716,0.3346952007296807,2,2,1.3775610108847265,0.14885598334633868
5,434,84.04666730359435,15.304721097284217,2.964814526294108,1.6341174784518464,19.852225591259703,0.07287828412237585,4,3,9.716398998349455,0.19644644719447688
9,438,75.9649214947585,24.462206985402087,0.511063321125998,1.9279876929518236,15.140783857801317,0.22471691760686885,2,1,8.18842772489117,0.05874071186440709
30,85,86.99611949750614,17.038707910819205,4.593752611303732,1.6010257617045265,11.689374605154821,0.29394218555519347,2,1,3.6353983303086825,0.13429317428007415
18,301,88.49771901118436,9.476981318126413,3.9504231856204335,1.4120644416467172,14.713604651028614,0.4742916774257169,2,1,9.819732964229656,0.04763855022435063
43,221,75.95590381009949,21.435812736888984,0.11511302393818756,1.0904712680857818,13.91593788842818,0.12626389103770963,1,3,6.416934306726899,0.11741274836860588
31,101,79.44322215440737,11.901652556447734,3.2568360549412305,0.26473990253814883,10.754183906084327,0.17962537395812278,1,3,6.241803923865218,0.09814717247078387
13,293,83.35818683826409,11.95238428965367,3.85623334259869,1.9205245067074677,5.984392168610194,0.1896792949612119,4,2,7.732658614865789,0.19468101262999205
19,428,82.41402976707694,5.636093629703303,1.87217684860211,1.5409455864967947,17.322694211111614,0.3027690788224414,2,3,8.305928092811238,0.12562018181232865
19,114,79.74045215548009,15.974306184148173,0.34460769683609394,1.3140038321350975,10.577502938580869,0.17836602652000083,1,2,6.9083074659835235,0.07640621069649556
30,327,77.44087936273277,15.68847007465046,0.3866053274439363,1.5421681065238146,17.281784650356407,0.2667559626498478,2,2,2.1528617172958002,0.03167819912870734
46,346,72.49962217904658,12.119829685439722,0.5212348302590475,1.4757963256189632,8.787631245325734,0.3908951649225147,3,3,4.044407553950485,0.03873689745963756
17,90,71.33713241868422,22.884345257918515,4.202198159902115,1.310740001600025,5.015442197684501,0.3526927970561018,3,2,9.352752762934447,0.05281021669073467
36,289,93.96353742207995,7.574967965992878,4.5534309912785655,1.9630959203419776,7.384074249151348,0.22318432325629278,3,3,3.0215405065946674,0.05768366565465662
43,340,91.17857860238975,11.601990266203108,0.614053909228669,1.8163912440084473,12.028091251528766,0.43210808883708446,4,2,4.34950321453762,0.1716170509898162
36,349,78.87262976156802,11.43165529360058,1.179530172975406,1.3286633463226105,19.164554524367446,0.27907012479693144,2,3,4.888691946497763,0.11663232977367972
8,160,93.9200221281614,6.845811724574922,0.8276025518364488,1.417032901768157,6.5329042954057845,0.26995291975110625,3,3,4.95464490725007,0.10944427316112962
34,347,86.91924761060758,14.622907881125863,0.9316043974706034,0.198032032651549,17.81314661692349,0.01709388296957909,1,2,6.5164562424507295,0.03180608565515132
41,430,82.06302374106606,18.75569434192166,4.187453945012461,1.3728431826450744,12.90536144317793,0.4933464901785808,3,1,9.487682539702368,0.17342654173639266
27,380,82.32564144429513,15.233140270945224,1.6607320632746947,0.18391433164919035,17.38881148699845,0.06148540426481336,3,2,3.1662344064925447,0.14733471760961192
43,367,72.08211027988149,8.139553654323874,1.557221320228206,1.217701138242869,9.475616464849889,0.1155654562138233,3,3,2.0935123867082623,0.0228569887610003
49,210,72.29260368146203,12.545719304841452,1.1369781043855631,1.9987716491750862,17.59920747008708,0.02584841862076348,4,1,2.777234408739436,0.14448866847365605
19,67,85.06102314752798,5.051900487672931,3.0394719689712932,1.1560325047306415,16.592341700252067,0.32000148341845686,1,2,8.982324101883425,0.11327226129510275
47,98,83.84257630864502,22.366022140711735,1.8965284919277443,0.9990992243545334,8.450805245471509,0.11235058848634,2,2,6.812297313896854,0.02552781569188787
33,255,75.31819737560572,6.690340153613638,3.721248259216444,0.6944242273606163,6.970026896140671,0.09000521873636175,1,2,3.573161103152441,0.09707712189044472
40,112,93.65486357204226,16.94556164510861,1.0278990418781875,0.32899289969428247,18.020814837984393,0.044277792111620695,2,1,8.343522450717554,0.10209229455470892
17,80,89.53240126178007,24.725139917336303,3.938949443572462,1.4889449757707351,19.448549801601978,0.05165447856200783,4,3,8.752329967270924,0.0414971626310224
36,235,72.8366150504362,15.73181291974665,3.018607658650695,0.4659381527926978,5.469534706212744,0.29233535022129437,4,2,8.618629048212503,0.18968264793005365
11,283,93.27322764218232,23.480835182148663,0.5713365002784387,0.31903584036984034,15.969051004605284,0.3441039329332977,4,2,9.27033880275599,0.17149532058132577
26,221,94.35620521336025,9.722330662348087,2.0725229210181384,0.9013490534879738,18.642867664217277,0.1986894942322005,4,2,3.270169181560254,0.1371142440925306
32,109,94.89828105075823,20.199108178751715,4.317590703064785,1.611149492122285,17.86040138138748,0.2399485407960366,2,2,7.795377358716505,0.09783615659011537
6,436,71.39677886693376,15.625315079470681,4.6148011589924245,1.5156226414284188,19.467807084053128,0.34298386799149205,3,2,5.14485547546726,0.08823545290105661
46,69,88.42588891977522,19.410321227829296,2.328500611594066,0.20427696782830235,16.401411176571457,0.008689895092739819,2,3,8.577986976010553,0.1336849587586813
49,162,83.64789425412472,6.246827250224829,2.404184890445368,0.9647730015686965,11.634481435713653,0.16156532853513927,1,3,7.5564160944545185,0.11363205518731204
10,443,87.64578709696737,7.954781838124534,4.592273624696506,1.092625694535221,9.679279857426957,0.4865488740351732,4,2,7.9880270184975215,0.02183189011755827
32,296,94.21629859935337,7.662338571749565,2.9353411206828364,1.324638636189062,9.811141106571911,0.290056114847734,4,1,6.905456539129643,0.10737550326636301
32,100,87.20075025437598,18.743310108066623,0.16423335121719174,1.3353179658421335,15.866340089211754,0.12711228994874663,1,3,2.596858925227362,0.16321668727423952
48,343,90.92409685593435,21.888813452672576,4.563747314395644,0.7929247739688811,16.187555180464464,0.26086502331810657,2,1,5.905242270072445,0.09725557674342203
48,412,91.67171763277103,19.99232464017175,1.2411322137857594,1.1652866686066767,8.00538715323069,0.17132674406045767,3,3,9.862027655720574,0.019871749735311
24,365,90.96201909409963,5.609443054671884,2.888159770457736,1.0140175793037642,18.021842202357966,0.26612249441314956,3,2,9.43649259847407,0.1593928578829663
34,244,80.65228687617353,22.344299621494464,0.8275665871398691,1.7814968773942341,15.723860603033714,0.06287075590332442,1,3,1.388563622173105,0.048259118605835136
15,158,75.56441043927576,12.08293341586251,0.16939580123297493,1.1075037520063102,13.44125429515074,0.06635732690963869,3,2,2.483333341564934,0.05913795862872737
32,162,79.9162900488563,12.94327665008165,1.557365855663787,0.9379611073215071,12.072986901537691,0.07177118101969643,2,3,2.1855589610910573,0.04129420715213622
29,251,92.29742271941942,7.097383330649619,3.9024785377304383,0.8685223543955164,13.148492086849371,0.46990989596342086,2,2,7.53381918986766,0.07274086232558453
43,179,73.66512054230064,19.74810412187638,1.3879358631470906,1.1876127429235848,7.388686074188967,0.3664494591706709,1,2,8.360067968712507,0.15378278608084067
37,254,82.83315421730983,8.645677569519162,1.1004860704054853,1.6275562608617056,8.055518739144112,0.08119094733116045,2,2,2.9216022967960473,0.1086833133057481
5,316,75.83070181061319,16.27930184037673,1.0634039217061315,1.1229628317234963,6.367467356092876,0.09417454188280072,4,2,5.552674236566461,0.048927442088635385
31,479,84.53263543066956,21.814199717558623,2.575868412034063,1.3571448326530289,7.30487057241669,0.3654147374354382,1,1,8.5663272521008,0.17678771484888778
17,224,91.5784630497251,6.784086574241124,4.877706578413782,1.5019259571223975,11.80540451907924,0.07808192239608697,2,2,7.595213902896255,0.17712055244079056
45,319,92.00899921596042,15.70671128031047,2.294944940085065,1.0883194087695904,12.955315905923841,0.11728064666741433,1,1,5.880134849426635,0.17540990075874133
7,386,75.91712984205196,9.664328230996023,2.7865268444502393,0.9109524076442422,5.26792838717479,0.4816734164101995,3,1,6.313129214128956,0.055371280162492466
43,191,92.69234265871366,11.858537285565205,4.3031600894536695,1.765664217938654,16.95196741796041,0.12765326236421592,2,2,5.57524492224652,0.09573547539438773
10,81,84.7972184705321,14.479398828611123,2.675348594668293,0.893261559652995,9.41251960015217,0.3308161751855734,4,1,3.677936061869385,0.19714803466676628
12,344,78.75545616750784,12.102086065586095,0.9223143570942804,0.9776914160936163,18.677540524398665,0.4893156437002652,2,3,6.085197935731145,0.1566823704988982
31,286,87.70452988957999,17.976456805831518,1.4979795588323852,1.9816484953493765,19.512668954206667,0.18714838356989633,1,2,7.199967718450816,0.015161810032856365
13,117,82.04167469910288,14.591642035085004,1.5496846313430546,0.1004512947941807,7.781883120149815,0.008757995431031118,1,1,8.859906242747268,0.02238887233949349
41,121,79.44968975305636,16.683989694283383,1.9865905772879895,0.45239852819577264,11.93145936148491,0.12207364521118713,2,2,6.726622185813232,0.09814696159434322
37,386,87.6271091074165,19.736449507898257,2.133944526683747,0.8295313908474788,5.018477527496389,0.41543859567085273,4,2,7.850093833388422,0.18275183911369644
46,423,76.2181038607572,16.15484531900875,3.998910110371347,1.8719208279079804,13.974908976836405,0.43230441797751834,4,2,2.4406447145911567,0.11235334161101569
48,237,78.25631322547747,16.73070869321518,1.746934995246665,0.23305644092019495,14.109596723940069,0.3842596822618956,4,1,5.154017269778109,0.10458437652651514
28,343,80.86129611220679,16.289170850452827,2.3411591422068967,0.11802232389414635,8.713099334050627,0.05655490953828651,1,3,1.0839845784438396,0.03004000299175981
19,177,76.34205434682846,12.575452519025788,3.1248799352552616,0.20009928835673432,13.376190088747968,0.3977551858482016,2,3,3.220109780694607,0.13478821989761589
36,351,80.13005216953543,11.748936677438362,1.8886297372008465,0.2682324801658745,8.383102136656031,0.45933889849675213,3,1,7.5381554360170435,0.16619960051404284
36,494,84.28682563012526,22.992947942900244,4.182824066461665,0.17143386909189567,7.4123820361728505,0.30030477127311805,1,2,9.926289562144271,0.08227980142643684
28,405,88.5243465227667,17.151104445871457,2.9372680211703717,1.011584521027359,14.77279200203397,0.4704376781690324,4,1,1.8926028962849433,0.15736625167581222
45,214,89.1798713277143,9.887063109293091,1.4702233961048576,1.2034386937319226,9.888881959281123,0.4134194418559387,2,1,4.613448842751595,0.19325056424115422
16,190,90.56975879691733,14.964953956978803,3.570295998949141,0.6162052450311077,13.853959083284337,0.33348575849545364,4,1,8.200638718292435,0.04871562723426093
43,218,88.60529142358246,11.60696962561828,2.6382386507239293,0.8567460295537075,11.498701234574835,0.2885926183558741,3,2,2.8363207116600897,0.10943262992700084
6,449,87.02598567742272,23.67383647519749,2.6722794562862346,0.27422873671171727,19.76527111104356,0.17428683362098524,4,1,5.995764543720576,0.06455621203606936
7,336,75.93766178231175,5.150687262681495,2.4054397419379296,0.7391038812740018,7.243709640013487,0.07964372262140257,4,2,7.597641664267073,0.16064233961642949
41,167,80.00557232180063,9.506655954250565,2.4850597441062448,1.0927864641055938,11.968978949537153,0.3024769613452704,3,1,6.543869052341611,0.11974273951741993
21,480,81.94287227200569,12.307136393481153,3.8267814053312033,1.4913164336508258,15.20684939538988,0.15905577680905975,2,3,2.692222611538745,0.13057065933455772
